{
  "threshold": {
    "global": {
      "accuracy": 0.9643705463182898,
      "precision": 0.9936908517350158,
      "recall": 0.9183673469387755,
      "f1": 0.9545454545454546,
      "true_positives": 315,
      "false_positives": 2,
      "false_negatives": 28,
      "true_negatives": 497
    },
    "by_equipment": {
      "bearing": {
        "accuracy": 0.9779735682819384,
        "precision": 1.0,
        "recall": 0.9545454545454546,
        "f1": 0.9767441860465116,
        "true_positives": 105,
        "false_positives": 0,
        "false_negatives": 5,
        "true_negatives": 117
      },
      "conveyor": {
        "accuracy": 0.9803921568627451,
        "precision": 1.0,
        "recall": 0.9473684210526315,
        "f1": 0.972972972972973,
        "true_positives": 72,
        "false_positives": 0,
        "false_negatives": 4,
        "true_negatives": 128
      },
      "motor": {
        "accuracy": 0.9469026548672567,
        "precision": 0.98,
        "recall": 0.9074074074074074,
        "f1": 0.9423076923076923,
        "true_positives": 98,
        "false_positives": 2,
        "false_negatives": 10,
        "true_negatives": 116
      },
      "pump": {
        "accuracy": 0.9513513513513514,
        "precision": 1.0,
        "recall": 0.8163265306122449,
        "f1": 0.898876404494382,
        "true_positives": 40,
        "false_positives": 0,
        "false_negatives": 9,
        "true_negatives": 136
      }
    }
  },
  "isolation_forest": {
    "global": {
      "accuracy": 0.9287410926365796,
      "precision": 0.8511166253101737,
      "recall": 1.0,
      "f1": 0.9195710455764075,
      "true_positives": 343,
      "false_positives": 60,
      "false_negatives": 0,
      "true_negatives": 439
    },
    "by_equipment": {
      "bearing": {
        "accuracy": 0.920704845814978,
        "precision": 0.859375,
        "recall": 1.0,
        "f1": 0.9243697478991597,
        "true_positives": 110,
        "false_positives": 18,
        "false_negatives": 0,
        "true_negatives": 99
      },
      "conveyor": {
        "accuracy": 0.9215686274509803,
        "precision": 0.8260869565217391,
        "recall": 1.0,
        "f1": 0.9047619047619048,
        "true_positives": 76,
        "false_positives": 16,
        "false_negatives": 0,
        "true_negatives": 112
      },
      "motor": {
        "accuracy": 0.995575221238938,
        "precision": 0.9908256880733946,
        "recall": 1.0,
        "f1": 0.9953917050691244,
        "true_positives": 108,
        "false_positives": 1,
        "false_negatives": 0,
        "true_negatives": 117
      },
      "pump": {
        "accuracy": 0.8648648648648649,
        "precision": 0.6621621621621622,
        "recall": 1.0,
        "f1": 0.7967479674796748,
        "true_positives": 49,
        "false_positives": 25,
        "false_negatives": 0,
        "true_negatives": 111
      }
    }
  }
}